[
  {
    "id": "b7c28af2-2ded-447f-a865-68ebf345cdfe",
    "data": [
      {
        "text": "give me a @high-five",
        "userDefined": false
      }
    ],
    "isTemplate": false,
    "count": 0,
    "updated": 1534172911
  },
  {
    "id": "786e5576-4637-43ac-a1e8-3a553ff97c9c",
    "data": [
      {
        "text": "@high-five",
        "userDefined": false
      }
    ],
    "isTemplate": false,
    "count": 0,
    "updated": 1534172911
  },
  {
    "id": "77249735-bfce-4979-9374-c18e9eee9ef1",
    "data": [
      {
        "text": "let\u0027s ",
        "userDefined": false
      },
      {
        "text": "shake on it",
        "alias": "shake-hands",
        "meta": "@shake-hands",
        "userDefined": true
      }
    ],
    "isTemplate": false,
    "count": 0,
    "updated": 1534173041
  },
  {
    "id": "18cc2668-0713-4128-ba8e-e50a6fb39b25",
    "data": [
      {
        "text": "can you ",
        "userDefined": false
      },
      {
        "text": "shake hands",
        "alias": "shake-hands",
        "meta": "@shake-hands",
        "userDefined": true
      }
    ],
    "isTemplate": false,
    "count": 0,
    "updated": 1534173041
  },
  {
    "id": "8ec08cd1-2bdc-4640-b669-ebd8a2fd0872",
    "data": [
      {
        "text": "shake hands",
        "alias": "shake-hands",
        "meta": "@shake-hands",
        "userDefined": true
      }
    ],
    "isTemplate": false,
    "count": 0,
    "updated": 1534173041
  }
]