[
  {
    "id": "8bbf322b-3975-44e7-8384-15e378743940",
    "data": [
      {
        "text": "you are silly",
        "userDefined": false
      }
    ],
    "isTemplate": false,
    "count": 0,
    "updated": 1536754278
  },
  {
    "id": "55859652-37f5-40e8-a6f4-186b2603134b",
    "data": [
      {
        "text": "that is funny",
        "userDefined": false
      }
    ],
    "isTemplate": false,
    "count": 0,
    "updated": 1534248050
  },
  {
    "id": "184980f2-5027-44a8-a901-912b149db68f",
    "data": [
      {
        "text": "you are funny",
        "userDefined": false
      }
    ],
    "isTemplate": false,
    "count": 0,
    "updated": 1534248050
  },
  {
    "id": "61469ef8-6d2f-4adc-a0be-385d977ca380",
    "data": [
      {
        "text": "you",
        "meta": "@sys.ignore",
        "userDefined": false
      },
      {
        "text": " ",
        "userDefined": false
      },
      {
        "text": "make",
        "meta": "@sys.ignore",
        "userDefined": false
      },
      {
        "text": " me laugh",
        "userDefined": false
      }
    ],
    "isTemplate": false,
    "count": 0,
    "updated": 1534248050
  }
]