[
  {
    "id": "16d0a4bb-3ec4-447f-9838-991b44345781",
    "data": [
      {
        "text": "why ",
        "userDefined": false
      },
      {
        "text": "do",
        "meta": "@sys.ignore",
        "userDefined": false
      },
      {
        "text": " they call ",
        "userDefined": false
      },
      {
        "text": "you",
        "meta": "@sys.ignore",
        "userDefined": false
      },
      {
        "text": " ",
        "userDefined": false
      },
      {
        "text": "pepper",
        "meta": "@sys.ignore",
        "userDefined": false
      }
    ],
    "isTemplate": false,
    "count": 0,
    "updated": 1534174505
  },
  {
    "id": "ffd3ce1e-696b-487a-ac8b-1b8b5d6fecd4",
    "data": [
      {
        "text": "why ",
        "userDefined": false
      },
      {
        "text": "pepper",
        "meta": "@sys.ignore",
        "userDefined": false
      }
    ],
    "isTemplate": false,
    "count": 0,
    "updated": 1534174505
  },
  {
    "id": "af693995-09dd-4422-891b-481fe7691b34",
    "data": [
      {
        "text": "why is ",
        "userDefined": false
      },
      {
        "text": "your",
        "meta": "@sys.ignore",
        "userDefined": false
      },
      {
        "text": " name ",
        "userDefined": false
      },
      {
        "text": "pepper",
        "meta": "@sys.ignore",
        "userDefined": false
      }
    ],
    "isTemplate": false,
    "count": 0,
    "updated": 1534174505
  },
  {
    "id": "5e516e93-5b55-46a3-ac67-c81f50edce17",
    "data": [
      {
        "text": "Why are ",
        "userDefined": false
      },
      {
        "text": "you",
        "meta": "@sys.ignore",
        "userDefined": false
      },
      {
        "text": " called ",
        "userDefined": false
      },
      {
        "text": "Pepper",
        "meta": "@sys.ignore",
        "userDefined": false
      }
    ],
    "isTemplate": false,
    "count": 0,
    "updated": 1534174505
  }
]