[
  {
    "id": "6a1488ee-eb1b-4586-be86-a8d2ded80bc7",
    "data": [
      {
        "text": "that\u0027s cool.",
        "userDefined": false
      }
    ],
    "isTemplate": false,
    "count": 0,
    "updated": 1534173778
  },
  {
    "id": "3ac0ac23-7e66-4436-8b73-fd4a09150e07",
    "data": [
      {
        "text": "you",
        "alias": "me",
        "meta": "@me",
        "userDefined": true
      },
      {
        "text": " are cool",
        "userDefined": false
      }
    ],
    "isTemplate": false,
    "count": 0,
    "updated": 1534173778
  },
  {
    "id": "3db60e36-a00c-4760-b5e2-9a8881b6469e",
    "data": [
      {
        "text": "Are ",
        "userDefined": false
      },
      {
        "text": "you",
        "alias": "me",
        "meta": "@me",
        "userDefined": false
      },
      {
        "text": " cool",
        "userDefined": false
      }
    ],
    "isTemplate": false,
    "count": 0,
    "updated": 1534173778
  }
]