[
  {
    "id": "90eb1989-982a-4202-9395-e8ab4a79be1f",
    "data": [
      {
        "text": "what can you do",
        "userDefined": false
      }
    ],
    "isTemplate": false,
    "count": 6,
    "updated": 1534157552
  },
  {
    "id": "161ee6fa-0e8a-4c8b-8233-09a63ea19da0",
    "data": [
      {
        "text": "what can I ask",
        "userDefined": false
      }
    ],
    "isTemplate": false,
    "count": 1,
    "updated": 1534157552
  },
  {
    "id": "98083f3f-499f-4dee-9019-54c65420f246",
    "data": [
      {
        "text": "what commands can I use",
        "userDefined": false
      }
    ],
    "isTemplate": false,
    "count": 0,
    "updated": 1534157552
  },
  {
    "id": "3c8e004b-f079-45c9-9fbc-40efd2d2e6ef",
    "data": [
      {
        "text": "what are ",
        "userDefined": false
      },
      {
        "text": "your",
        "meta": "@sys.ignore",
        "userDefined": false
      },
      {
        "text": " commands",
        "userDefined": false
      }
    ],
    "isTemplate": false,
    "count": 0,
    "updated": 1534157552
  },
  {
    "id": "2a8106a8-2790-4b93-9599-59a7e9e804ce",
    "data": [
      {
        "text": "what are ",
        "userDefined": false
      },
      {
        "text": "you",
        "meta": "@sys.ignore",
        "userDefined": false
      },
      {
        "text": " capable of",
        "userDefined": false
      }
    ],
    "isTemplate": false,
    "count": 0,
    "updated": 1534157552
  },
  {
    "id": "8b50f257-28ef-4cc1-a0f7-3b450ba50107",
    "data": [
      {
        "text": "How ",
        "userDefined": false
      },
      {
        "text": "do",
        "meta": "@sys.ignore",
        "userDefined": false
      },
      {
        "text": " I make ",
        "userDefined": false
      },
      {
        "text": "you",
        "meta": "@sys.ignore",
        "userDefined": false
      },
      {
        "text": " work",
        "userDefined": false
      }
    ],
    "isTemplate": false,
    "count": 0,
    "updated": 1534157552
  },
  {
    "id": "29b93004-d4f1-4284-8e74-1293a95a5e22",
    "data": [
      {
        "text": "How can ",
        "userDefined": false
      },
      {
        "text": "you",
        "meta": "@sys.ignore",
        "userDefined": true
      },
      {
        "text": " help me",
        "userDefined": false
      }
    ],
    "isTemplate": false,
    "count": 0,
    "updated": 1534157552
  }
]