[
  {
    "id": "22dbaf70-1043-44f5-8f00-19fbaf9f3f99",
    "data": [
      {
        "text": "you are a card",
        "userDefined": false
      }
    ],
    "isTemplate": false,
    "count": 0,
    "updated": 1534247860
  },
  {
    "id": "9d9920cf-c760-4cc4-bf85-5c84ef407131",
    "data": [
      {
        "text": "you are a ",
        "userDefined": false
      },
      {
        "text": "joke",
        "meta": "@sys.ignore",
        "userDefined": false
      }
    ],
    "isTemplate": false,
    "count": 0,
    "updated": 1534247860
  }
]