[
  {
    "id": "ac12187d-b458-4ee3-985f-5841832e405b",
    "data": [
      {
        "text": "what have ",
        "userDefined": false
      },
      {
        "text": "you",
        "alias": "me",
        "meta": "@me",
        "userDefined": false
      },
      {
        "text": " seen at the cinema",
        "userDefined": false
      }
    ],
    "isTemplate": false,
    "count": 0,
    "updated": 1534174025
  },
  {
    "id": "2d665f73-3841-4983-b945-b83a4b8f5177",
    "data": [
      {
        "text": "what is ",
        "userDefined": false
      },
      {
        "text": "your",
        "alias": "me",
        "meta": "@me",
        "userDefined": true
      },
      {
        "text": " ",
        "userDefined": false
      },
      {
        "text": "favorite",
        "meta": "@sys.ignore",
        "userDefined": false
      },
      {
        "text": " ",
        "userDefined": false
      },
      {
        "text": "film",
        "meta": "@sys.ignore",
        "userDefined": true
      }
    ],
    "isTemplate": false,
    "count": 0,
    "updated": 1534174025
  },
  {
    "id": "b2354c88-9cbf-4374-a17c-e2be56f11b29",
    "data": [
      {
        "text": "what ",
        "userDefined": false
      },
      {
        "text": "movies",
        "meta": "@sys.ignore",
        "userDefined": true
      },
      {
        "text": " do ",
        "userDefined": false
      },
      {
        "text": "you",
        "alias": "me",
        "meta": "@me",
        "userDefined": true
      },
      {
        "text": " ",
        "userDefined": false
      },
      {
        "text": "like",
        "meta": "@sys.ignore",
        "userDefined": false
      }
    ],
    "isTemplate": false,
    "count": 0,
    "updated": 1534174025
  }
]