[
  {
    "id": "f8152c59-cd20-4aa9-a535-431bfb0695e9",
    "data": [
      {
        "text": "what ",
        "userDefined": false
      },
      {
        "text": "authors",
        "meta": "@sys.ignore",
        "userDefined": true
      },
      {
        "text": " do ",
        "userDefined": false
      },
      {
        "text": "you",
        "meta": "@sys.ignore",
        "userDefined": false
      },
      {
        "text": " ",
        "userDefined": false
      },
      {
        "text": "like",
        "meta": "@sys.ignore",
        "userDefined": false
      }
    ],
    "isTemplate": false,
    "count": 0,
    "updated": 1534156275
  },
  {
    "id": "632d4d56-ec4c-45ea-b569-b02beaf2364c",
    "data": [
      {
        "text": "who is ",
        "userDefined": false
      },
      {
        "text": "your",
        "meta": "@sys.ignore",
        "userDefined": false
      },
      {
        "text": " ",
        "userDefined": false
      },
      {
        "text": "favorite",
        "meta": "@sys.ignore",
        "userDefined": false
      },
      {
        "text": " ",
        "userDefined": false
      },
      {
        "text": "author",
        "meta": "@sys.ignore",
        "userDefined": true
      }
    ],
    "isTemplate": false,
    "count": 0,
    "updated": 1534156275
  },
  {
    "id": "34f229db-0033-4f91-94d8-c9b8184d44f2",
    "data": [
      {
        "text": "Do you like ",
        "userDefined": false
      },
      {
        "text": "isaac asimov",
        "alias": "author",
        "meta": "@author",
        "userDefined": true
      }
    ],
    "isTemplate": false,
    "count": 0,
    "updated": 1533714999
  }
]