[
  {
    "id": "6032c756-62b6-4c54-8315-a7ded5df19e9",
    "data": [
      {
        "text": "Marvin",
        "alias": "whom-to-impersonate",
        "meta": "@whom-to-impersonate",
        "userDefined": true
      }
    ],
    "isTemplate": false,
    "count": 0,
    "updated": 1533726521
  },
  {
    "id": "d2eef3d9-f297-4acb-88da-6c2f1bedc27d",
    "data": [
      {
        "text": "Wally",
        "alias": "whom-to-impersonate",
        "meta": "@whom-to-impersonate",
        "userDefined": true
      }
    ],
    "isTemplate": false,
    "count": 0,
    "updated": 1533726521
  },
  {
    "id": "cda05357-0301-4da2-9edc-9b813e6c7c61",
    "data": [
      {
        "text": "R2D2",
        "alias": "whom-to-impersonate",
        "meta": "@whom-to-impersonate",
        "userDefined": true
      }
    ],
    "isTemplate": false,
    "count": 0,
    "updated": 1533726521
  },
  {
    "id": "fea7f6f5-753d-4b46-aa2e-512e5ae15e74",
    "data": [
      {
        "text": "Terminator",
        "alias": "whom-to-impersonate",
        "meta": "@whom-to-impersonate",
        "userDefined": true
      }
    ],
    "isTemplate": false,
    "count": 0,
    "updated": 1533726521
  },
  {
    "id": "853c0bc1-dd1a-489c-9142-46fdf8eb8ddc",
    "data": [
      {
        "text": "do",
        "meta": "@sys.ignore",
        "userDefined": false
      },
      {
        "text": " the ",
        "userDefined": false
      },
      {
        "text": "Terminator",
        "alias": "whom-to-impersonate",
        "meta": "@whom-to-impersonate",
        "userDefined": false
      }
    ],
    "isTemplate": false,
    "count": 0,
    "updated": 1534155809
  },
  {
    "id": "4979c374-c3db-4ad5-b06d-b8837f44bf86",
    "data": [
      {
        "text": "Robbie",
        "alias": "whom-to-impersonate",
        "meta": "@whom-to-impersonate",
        "userDefined": true
      }
    ],
    "isTemplate": false,
    "count": 1,
    "updated": 1533726521
  },
  {
    "id": "0ed77de5-4ea2-4ae2-b3eb-fc84deb38daf",
    "data": [
      {
        "text": "Johnny 5",
        "alias": "whom-to-impersonate",
        "meta": "@whom-to-impersonate",
        "userDefined": true
      }
    ],
    "isTemplate": false,
    "count": 0,
    "updated": 1533726521
  },
  {
    "id": "920f59df-19af-4e8a-b6e3-ea3eec60202e",
    "data": [
      {
        "text": "C3PO",
        "alias": "whom-to-impersonate",
        "meta": "@whom-to-impersonate",
        "userDefined": true
      }
    ],
    "isTemplate": false,
    "count": 0,
    "updated": 1533726521
  },
  {
    "id": "77dc611b-c540-4853-90b4-f027b873aaad",
    "data": [
      {
        "text": "impersonate ",
        "userDefined": false
      },
      {
        "text": "Wally",
        "alias": "whom-to-impersonate",
        "meta": "@whom-to-impersonate",
        "userDefined": true
      }
    ],
    "isTemplate": false,
    "count": 0,
    "updated": 1533726521
  },
  {
    "id": "72e6d364-489e-48eb-8e15-98fcbd3abfb5",
    "data": [
      {
        "text": "do",
        "meta": "@sys.ignore",
        "userDefined": false
      },
      {
        "text": " an ",
        "userDefined": false
      },
      {
        "text": "impression",
        "meta": "@sys.ignore",
        "userDefined": false
      },
      {
        "text": " of ",
        "userDefined": false
      },
      {
        "text": "R2D2",
        "alias": "whom-to-impersonate",
        "meta": "@whom-to-impersonate",
        "userDefined": false
      }
    ],
    "isTemplate": false,
    "count": 0,
    "updated": 1534155809
  },
  {
    "id": "caea474f-4a9c-47df-806b-3c2b2943288b",
    "data": [
      {
        "text": "Uniblab",
        "alias": "whom-to-impersonate",
        "meta": "@whom-to-impersonate",
        "userDefined": true
      }
    ],
    "isTemplate": false,
    "count": 0,
    "updated": 1533726521
  },
  {
    "id": "bbab3f09-1afb-4119-98e7-a1c880352dc8",
    "data": [
      {
        "text": "Hal 9000",
        "alias": "whom-to-impersonate",
        "meta": "@whom-to-impersonate",
        "userDefined": true
      }
    ],
    "isTemplate": false,
    "count": 0,
    "updated": 1533726521
  },
  {
    "id": "219d6c88-2f1c-4fc6-9a09-dd7e28cee9a8",
    "data": [
      {
        "text": "Darth Vader",
        "alias": "whom-to-impersonate",
        "meta": "@whom-to-impersonate",
        "userDefined": true
      }
    ],
    "isTemplate": false,
    "count": 0,
    "updated": 1533726521
  }
]