[
  {
    "id": "44eabe43-a2d6-4fd2-8619-9ab0b8d0bffb",
    "data": [
      {
        "text": "do you do impressions",
        "userDefined": false
      }
    ],
    "isTemplate": false,
    "count": 1,
    "updated": 0
  },
  {
    "id": "dabfd540-2583-49de-ab40-c0e2456ab11d",
    "data": [
      {
        "text": "do ",
        "userDefined": false
      },
      {
        "text": "you",
        "meta": "@sys.ignore",
        "userDefined": false
      },
      {
        "text": " know any @impression",
        "userDefined": false
      }
    ],
    "isTemplate": false,
    "count": 0,
    "updated": 1534155653
  },
  {
    "id": "54af2ee5-9eaa-43fc-bfb3-5d4c9defdc31",
    "data": [
      {
        "text": "can you do @impression",
        "userDefined": false
      }
    ],
    "isTemplate": false,
    "count": 0,
    "updated": 1534155653
  },
  {
    "id": "977444b4-d935-476f-9a17-7b853460fa73",
    "data": [
      {
        "text": "can you do an @impression",
        "userDefined": false
      }
    ],
    "isTemplate": false,
    "count": 0,
    "updated": 1534155653
  }
]