[
  {
    "id": "a8131f1d-0cee-40cc-ae4f-b414eec94f32",
    "data": [
      {
        "text": "who can you impersonate",
        "userDefined": false
      }
    ],
    "isTemplate": false,
    "count": 1,
    "updated": 0
  },
  {
    "id": "11ab2f10-b5b6-400f-850f-c6eafeae9eba",
    "data": [
      {
        "text": "who can you @impression",
        "userDefined": false
      }
    ],
    "isTemplate": false,
    "count": 0,
    "updated": 1534155213
  },
  {
    "id": "1f52edf9-9771-43b8-bfdb-0dbb3b142659",
    "data": [
      {
        "text": "What @impression can",
        "meta": "@sys.ignore",
        "userDefined": false
      },
      {
        "text": " ",
        "userDefined": false
      },
      {
        "text": "you",
        "meta": "@sys.ignore",
        "userDefined": true
      },
      {
        "text": " ",
        "userDefined": false
      },
      {
        "text": "do",
        "meta": "@sys.ignore",
        "userDefined": false
      }
    ],
    "isTemplate": false,
    "count": 0,
    "updated": 1534155213
  },
  {
    "id": "de0ef9bc-a808-4ca7-b286-80d29694e6ad",
    "data": [
      {
        "text": "tell me the @impression ",
        "userDefined": false
      },
      {
        "text": "you",
        "meta": "@sys.ignore",
        "userDefined": false
      },
      {
        "text": " ",
        "userDefined": false
      },
      {
        "text": "do",
        "meta": "@sys.ignore",
        "userDefined": false
      }
    ],
    "isTemplate": false,
    "count": 0,
    "updated": 1534155213
  },
  {
    "id": "aa90dbaf-3070-420d-a05b-541e87c8726b",
    "data": [
      {
        "text": "what characters ",
        "userDefined": false
      },
      {
        "text": "do",
        "meta": "@sys.ignore",
        "userDefined": false
      },
      {
        "text": " ",
        "userDefined": false
      },
      {
        "text": "you",
        "meta": "@sys.ignore",
        "userDefined": false
      },
      {
        "text": " know",
        "userDefined": false
      }
    ],
    "isTemplate": false,
    "count": 0,
    "updated": 1534155213
  }
]