[
  {
    "id": "972a5cfe-49d8-4efc-9b66-6cbf744ad97c",
    "data": [
      {
        "text": "sg",
        "userDefined": false
      }
    ],
    "isTemplate": false,
    "count": 0,
    "updated": 1533729353
  },
  {
    "id": "9e417e21-3d6b-4aa0-8c34-6d689dace756",
    "data": [
      {
        "text": "yes that\u0027t ok",
        "userDefined": false
      }
    ],
    "isTemplate": false,
    "count": 0,
    "updated": 1533729353
  },
  {
    "id": "eb6e2ff9-9b57-4e77-a252-67be7cba964e",
    "data": [
      {
        "text": "sure why not",
        "userDefined": false
      }
    ],
    "isTemplate": false,
    "count": 0,
    "updated": 1533729353
  },
  {
    "id": "831fd695-d134-4ea3-b624-85d254ac8dcc",
    "data": [
      {
        "text": "why not",
        "userDefined": false
      }
    ],
    "isTemplate": false,
    "count": 0,
    "updated": 1533729353
  },
  {
    "id": "809d261c-cd37-4260-bd36-c8b995c145fc",
    "data": [
      {
        "text": "of course",
        "userDefined": false
      }
    ],
    "isTemplate": false,
    "count": 0,
    "updated": 1533729353
  },
  {
    "id": "8aa513b4-a083-4a7d-a633-76a92fc1779c",
    "data": [
      {
        "text": "yes you can do it",
        "userDefined": false
      }
    ],
    "isTemplate": false,
    "count": 0,
    "updated": 1533729353
  },
  {
    "id": "1b153fe6-29cf-48a1-beef-25014f9c514b",
    "data": [
      {
        "text": "go ahead",
        "userDefined": false
      }
    ],
    "isTemplate": false,
    "count": 1,
    "updated": 1533729353
  },
  {
    "id": "baa99ee0-e06a-4759-bd55-02b4cca92a3d",
    "data": [
      {
        "text": "yup",
        "userDefined": false
      }
    ],
    "isTemplate": false,
    "count": 0,
    "updated": 1533729353
  },
  {
    "id": "173c66f6-572b-4750-b2af-54a05710aa64",
    "data": [
      {
        "text": "yep that\u0027s right",
        "userDefined": false
      }
    ],
    "isTemplate": false,
    "count": 1,
    "updated": 1533729353
  },
  {
    "id": "c1c87db0-d6dd-4b75-9c6e-dd97ca96d8d1",
    "data": [
      {
        "text": "exactly",
        "userDefined": false
      }
    ],
    "isTemplate": false,
    "count": 1,
    "updated": 1533729353
  },
  {
    "id": "47b44b8b-b582-4ac5-9d1b-889a6a21dd43",
    "data": [
      {
        "text": "that one works",
        "userDefined": false
      }
    ],
    "isTemplate": false,
    "count": 0,
    "updated": 1533729353
  },
  {
    "id": "5585b5b3-aac7-49c6-bb82-ec07a1e6c50e",
    "data": [
      {
        "text": "yes",
        "userDefined": false
      }
    ],
    "isTemplate": false,
    "count": 1,
    "updated": 1533729353
  },
  {
    "id": "a56e61e8-541f-4cec-af71-935c91b70127",
    "data": [
      {
        "text": "okay",
        "userDefined": false
      }
    ],
    "isTemplate": false,
    "count": 1,
    "updated": 1533729353
  },
  {
    "id": "182e9fda-91db-41d6-a74f-168dea4acab2",
    "data": [
      {
        "text": "yeah",
        "userDefined": false
      }
    ],
    "isTemplate": false,
    "count": 0,
    "updated": 1533729353
  },
  {
    "id": "51ac5429-92f6-4778-b2eb-76655ec66e57",
    "data": [
      {
        "text": "sure",
        "userDefined": false
      }
    ],
    "isTemplate": false,
    "count": 2,
    "updated": 1533729353
  },
  {
    "id": "d17931e9-141a-4e1f-95ed-f4aaa0990bd5",
    "data": [
      {
        "text": "perfect",
        "userDefined": false
      }
    ],
    "isTemplate": false,
    "count": 0,
    "updated": 1533729353
  },
  {
    "id": "29f7aa82-659f-4e6d-b943-0f57a2680d80",
    "data": [
      {
        "text": "right",
        "userDefined": false
      }
    ],
    "isTemplate": false,
    "count": 0,
    "updated": 1533729353
  },
  {
    "id": "ca94d84e-9625-4317-a9c2-3b56ba5e34ac",
    "data": [
      {
        "text": "it\u0027s okay",
        "userDefined": false
      }
    ],
    "isTemplate": false,
    "count": 0,
    "updated": 1533729353
  },
  {
    "id": "0167cd29-0989-4fe4-94b7-c6af6af23663",
    "data": [
      {
        "text": "sounds correct",
        "userDefined": false
      }
    ],
    "isTemplate": false,
    "count": 1,
    "updated": 1533729353
  },
  {
    "id": "a612e074-a893-45bc-a263-23f15e99c503",
    "data": [
      {
        "text": "that works",
        "userDefined": false
      }
    ],
    "isTemplate": false,
    "count": 0,
    "updated": 1533729353
  },
  {
    "id": "ae800d39-5236-46ff-be74-4c401dc7d88c",
    "data": [
      {
        "text": "yes I do",
        "userDefined": false
      }
    ],
    "isTemplate": false,
    "count": 0,
    "updated": 1533729353
  },
  {
    "id": "a6467ab6-8e6a-4379-8bd1-f49e35286984",
    "data": [
      {
        "text": "it\u0027s fine",
        "userDefined": false
      }
    ],
    "isTemplate": false,
    "count": 0,
    "updated": 1533729353
  },
  {
    "id": "e7d5ebc7-f73c-470f-b7b8-5ddb62b57be0",
    "data": [
      {
        "text": "confirm",
        "userDefined": false
      }
    ],
    "isTemplate": false,
    "count": 1,
    "updated": 1533729353
  },
  {
    "id": "e0ce6986-431f-4af5-a4d2-96b423a58b3f",
    "data": [
      {
        "text": "alright",
        "userDefined": false
      }
    ],
    "isTemplate": false,
    "count": 0,
    "updated": 1533729353
  },
  {
    "id": "38a0527e-7b4f-4a8b-a142-f0b55d262a0a",
    "data": [
      {
        "text": "absolutely",
        "userDefined": false
      }
    ],
    "isTemplate": false,
    "count": 1,
    "updated": 1533729353
  },
  {
    "id": "26238872-781e-4ff0-877e-887badecca1a",
    "data": [
      {
        "text": "yep that\u0027s ok",
        "userDefined": false
      }
    ],
    "isTemplate": false,
    "count": 0,
    "updated": 1533729353
  },
  {
    "id": "8b95dc03-b287-427c-aebb-7ff2d0532113",
    "data": [
      {
        "text": "yes I agree",
        "userDefined": false
      }
    ],
    "isTemplate": false,
    "count": 1,
    "updated": 1533729353
  },
  {
    "id": "aabc6097-91dd-46a7-a7ec-23ac4d8ff3c4",
    "data": [
      {
        "text": "yes please",
        "userDefined": false
      }
    ],
    "isTemplate": false,
    "count": 0,
    "updated": 1533729353
  },
  {
    "id": "d743850b-a689-4e81-8c92-029fcded09c4",
    "data": [
      {
        "text": "I agree",
        "userDefined": false
      }
    ],
    "isTemplate": false,
    "count": 2,
    "updated": 1533729353
  },
  {
    "id": "ef782baa-4a14-493e-a1ba-cddcf62c773d",
    "data": [
      {
        "text": "sounds good",
        "userDefined": false
      }
    ],
    "isTemplate": false,
    "count": 0,
    "updated": 1533729353
  },
  {
    "id": "5eece381-a80e-45ce-b08c-4b2a35d1071b",
    "data": [
      {
        "text": "yep",
        "userDefined": false
      }
    ],
    "isTemplate": false,
    "count": 0,
    "updated": 1533729353
  },
  {
    "id": "e132a67a-30e2-4549-ba5d-f0bccf1ff48c",
    "data": [
      {
        "text": "that\u0027s correct",
        "userDefined": false
      }
    ],
    "isTemplate": false,
    "count": 0,
    "updated": 1533729353
  },
  {
    "id": "1e494225-629d-4841-87a5-d6c2727f0e89",
    "data": [
      {
        "text": "alright why not",
        "userDefined": false
      }
    ],
    "isTemplate": false,
    "count": 0,
    "updated": 1533729353
  },
  {
    "id": "90aa8d23-db41-4e2f-8408-8863fa3d9382",
    "data": [
      {
        "text": "yes that\u0027s alright",
        "userDefined": false
      }
    ],
    "isTemplate": false,
    "count": 0,
    "updated": 1533729353
  },
  {
    "id": "83539698-08d4-4928-a7b4-7d84b96fff17",
    "data": [
      {
        "text": "okay I will",
        "userDefined": false
      }
    ],
    "isTemplate": false,
    "count": 2,
    "updated": 1533729353
  },
  {
    "id": "63615186-c5e9-4240-831c-8e786e3cfed2",
    "data": [
      {
        "text": "do it",
        "userDefined": false
      }
    ],
    "isTemplate": false,
    "count": 1,
    "updated": 1533729353
  },
  {
    "id": "45432596-2d77-41d2-bcaf-a228776c9342",
    "data": [
      {
        "text": "I think so",
        "userDefined": false
      }
    ],
    "isTemplate": false,
    "count": 0,
    "updated": 1533729353
  },
  {
    "id": "5ead3ea6-3e43-4c3c-a667-52cd5fdd72ce",
    "data": [
      {
        "text": "for sure",
        "userDefined": false
      }
    ],
    "isTemplate": false,
    "count": 0,
    "updated": 1533729353
  },
  {
    "id": "13cd8df1-e9c6-414f-af31-6996e358c5c3",
    "data": [
      {
        "text": "ok",
        "userDefined": false
      }
    ],
    "isTemplate": false,
    "count": 1,
    "updated": 1533729353
  },
  {
    "id": "d487d0ec-7a88-4df3-a06d-5a9a5a34dc69",
    "data": [
      {
        "text": "I don\u0027t mind",
        "userDefined": false
      }
    ],
    "isTemplate": false,
    "count": 3,
    "updated": 1533729353
  },
  {
    "id": "ac54d1b8-4308-4105-9155-dae0f2ca3e59",
    "data": [
      {
        "text": "it looks perfect",
        "userDefined": false
      }
    ],
    "isTemplate": false,
    "count": 0,
    "updated": 1533729353
  },
  {
    "id": "d0d89c59-7531-45fe-97ae-0c8eab74f17d",
    "data": [
      {
        "text": "yes I can",
        "userDefined": false
      }
    ],
    "isTemplate": false,
    "count": 0,
    "updated": 1533729353
  }
]