[
  {
    "id": "65773949-bc3c-4483-a82b-5ab840fab5f8",
    "data": [
      {
        "text": "do ",
        "userDefined": false
      },
      {
        "text": "Wally",
        "alias": "whom-to-impersonate",
        "meta": "@whom-to-impersonate",
        "userDefined": true
      }
    ],
    "isTemplate": false,
    "count": 0,
    "updated": 1533727076
  },
  {
    "id": "9688b033-a016-4b9e-a2c7-2fd4f19d872e",
    "data": [
      {
        "text": "do ",
        "userDefined": false
      },
      {
        "text": "Johnny 5",
        "alias": "whom-to-impersonate",
        "meta": "@whom-to-impersonate",
        "userDefined": true
      }
    ],
    "isTemplate": false,
    "count": 0,
    "updated": 1533727076
  },
  {
    "id": "7edb43ab-fbe8-45ae-9c1a-24ac01cc87c1",
    "data": [
      {
        "text": "do ",
        "userDefined": false
      },
      {
        "text": "Marvin",
        "alias": "whom-to-impersonate",
        "meta": "@whom-to-impersonate",
        "userDefined": true
      }
    ],
    "isTemplate": false,
    "count": 0,
    "updated": 1533727076
  },
  {
    "id": "6f7d0f8b-4135-4fe8-8e13-f73474c7a27c",
    "data": [
      {
        "text": "do ",
        "userDefined": false
      },
      {
        "text": "Hal 9000",
        "alias": "whom-to-impersonate",
        "meta": "@whom-to-impersonate",
        "userDefined": true
      }
    ],
    "isTemplate": false,
    "count": 0,
    "updated": 1533727076
  },
  {
    "id": "726ca975-dd4e-49ae-a024-45c161944252",
    "data": [
      {
        "text": "do ",
        "userDefined": false
      },
      {
        "text": "R2D2",
        "alias": "whom-to-impersonate",
        "meta": "@whom-to-impersonate",
        "userDefined": true
      }
    ],
    "isTemplate": false,
    "count": 0,
    "updated": 1533727076
  },
  {
    "id": "94bfb6e9-4bb7-48c7-9458-e63eafff8d28",
    "data": [
      {
        "text": "do the ",
        "userDefined": false
      },
      {
        "text": "Uniblab",
        "alias": "whom-to-impersonate",
        "meta": "@whom-to-impersonate",
        "userDefined": true
      }
    ],
    "isTemplate": false,
    "count": 0,
    "updated": 1533727076
  },
  {
    "id": "19cbe2ec-63eb-4d89-afb4-3c56322658cc",
    "data": [
      {
        "text": "mimic ",
        "userDefined": false
      },
      {
        "text": "C3PO",
        "alias": "whom-to-impersonate",
        "meta": "@whom-to-impersonate",
        "userDefined": true
      }
    ],
    "isTemplate": false,
    "count": 0,
    "updated": 1533727076
  },
  {
    "id": "b10942eb-3a6e-46a4-bfab-1e476ca9f8c4",
    "data": [
      {
        "text": "do an impression of the ",
        "userDefined": false
      },
      {
        "text": "Terminator",
        "alias": "whom-to-impersonate",
        "meta": "@whom-to-impersonate",
        "userDefined": true
      }
    ],
    "isTemplate": false,
    "count": 0,
    "updated": 1533727076
  },
  {
    "id": "4b6bec08-6205-48bd-981e-09266ca81863",
    "data": [
      {
        "text": "do ",
        "userDefined": false
      },
      {
        "text": "Darth Vader",
        "alias": "whom-to-impersonate",
        "meta": "@whom-to-impersonate",
        "userDefined": true
      }
    ],
    "isTemplate": false,
    "count": 0,
    "updated": 1533727076
  }
]