[
  {
    "id": "d579dc37-6726-4aae-a29b-02c76833ffce",
    "data": [
      {
        "text": "do",
        "meta": "@sys.ignore",
        "userDefined": false
      },
      {
        "text": " the ",
        "userDefined": false
      },
      {
        "text": "Uniblab",
        "alias": "whom-to-impersonate",
        "meta": "@whom-to-impersonate",
        "userDefined": false
      }
    ],
    "isTemplate": false,
    "count": 0,
    "updated": 1534155101
  },
  {
    "id": "f8a369b2-db74-4cf5-8f57-a3d8757e50f8",
    "data": [
      {
        "text": "do",
        "meta": "@sys.ignore",
        "userDefined": false
      },
      {
        "text": " an @impression of the ",
        "userDefined": false
      },
      {
        "text": "Terminator",
        "alias": "whom-to-impersonate",
        "meta": "@whom-to-impersonate",
        "userDefined": false
      }
    ],
    "isTemplate": false,
    "count": 0,
    "updated": 1534155364
  },
  {
    "id": "735d5275-d3d0-4fa5-9c97-138b5163ec5d",
    "data": [
      {
        "text": "can you @impression ",
        "userDefined": false
      },
      {
        "text": "Robbie",
        "alias": "whom-to-impersonate",
        "meta": "@whom-to-impersonate",
        "userDefined": false
      },
      {
        "text": " the robot",
        "userDefined": false
      }
    ],
    "isTemplate": false,
    "count": 0,
    "updated": 1534155101
  },
  {
    "id": "c0c48fb6-b68e-4f0e-a099-c0179bffa9ba",
    "data": [
      {
        "text": "can you ",
        "userDefined": false
      },
      {
        "text": "do",
        "meta": "@sys.ignore",
        "userDefined": false
      },
      {
        "text": " an @impression of ",
        "userDefined": false
      },
      {
        "text": "Wally",
        "alias": "whom-to-impersonate",
        "meta": "@whom-to-impersonate",
        "userDefined": false
      }
    ],
    "isTemplate": false,
    "count": 0,
    "updated": 1534155101
  }
]