[
  {
    "value": "Wally",
    "synonyms": [
      "Wally"
    ]
  },
  {
    "value": "R2D2",
    "synonyms": [
      "R2D2"
    ]
  },
  {
    "value": "Robbie",
    "synonyms": [
      "Robbie"
    ]
  },
  {
    "value": "Hal 9000",
    "synonyms": [
      "Hal 9000"
    ]
  },
  {
    "value": "Uniblab",
    "synonyms": [
      "Uniblab"
    ]
  },
  {
    "value": "Marvin",
    "synonyms": [
      "Marvin"
    ]
  },
  {
    "value": "C3PO",
    "synonyms": [
      "C3PO"
    ]
  },
  {
    "value": "Darth Vader",
    "synonyms": [
      "Darth Vader"
    ]
  },
  {
    "value": "impersonate-whom",
    "synonyms": [
      "impersonate-whom"
    ]
  },
  {
    "value": "Terminator",
    "synonyms": [
      "Terminator"
    ]
  },
  {
    "value": "Johnny 5",
    "synonyms": [
      "Johnny 5"
    ]
  }
]